iter	Passed	Remaining
0	3829	3825973
1	6505	3246281
2	8879	2950947
3	11210	2791435
4	13569	2700379
5	15767	2612180
6	18062	2562340
7	20374	2526439
8	22706	2500185
9	24782	2453508
10	26834	2412677
11	28964	2384714
12	31096	2360936
13	33209	2338869
14	35196	2311260
15	37323	2295411
16	39417	2279280
17	41563	2267504
18	43713	2257018
19	45760	2242269
20	47846	2230539
21	49973	2221544
22	52142	2214905
23	54324	2209180
24	56501	2203565
25	58601	2195301
26	60718	2188124
27	62899	2183523
28	64934	2174200
29	67059	2168245
30	69530	2173392
31	71808	2172196
32	74130	2172249
33	76237	2166050
34	78289	2158540
35	80527	2156357
36	82575	2149206
37	84626	2142393
38	86696	2136301
39	88633	2127193
40	90696	2121409
41	92838	2117603
42	94879	2111610
43	96980	2107114
44	99061	2102306
45	101064	2095993
46	103028	2089064
47	105169	2085867
48	107143	2079461
49	109223	2075251
50	111279	2070663
51	113268	2064965
52	115308	2060331
53	117358	2055953
54	119275	2049378
55	121340	2045457
56	123347	2040635
57	125366	2036127
58	127414	2032157
59	129490	2028692
60	131393	2022592
61	133350	2017456
62	135368	2013334
63	137348	2008725
64	139386	2005020
65	141455	2001808
66	143409	1997026
67	145520	1994484
68	147519	1990446
69	149411	1985037
70	151414	1981185
71	153540	1978961
72	155458	1974109
73	157384	1969430
74	159574	1968084
75	161654	1965373
76	163676	1961988
77	165651	1958090
78	167638	1954373
79	169884	1953673
80	171867	1949955
81	173816	1945901
82	175739	1941608
83	177733	1938144
84	179693	1934348
85	181658	1930644
86	183609	1926839
87	185528	1922752
88	187494	1919181
89	189517	1916231
90	191417	1912071
91	193481	1909576
92	195430	1905974
93	197375	1902362
94	199352	1899095
95	201303	1895609
96	203340	1892954
97	205366	1890209
98	207391	1887468
99	209452	1885068
100	211500	1882562
101	213473	1879408
102	215613	1877723
103	217591	1874633
104	219642	1872192
105	221727	1870039
106	223659	1866614
107	225716	1864250
108	227557	1860123
109	229650	1858080
110	231560	1854569
111	233440	1850852
112	235481	1848422
113	237530	1846069
114	239640	1844190
115	241560	1840854
116	243621	1838610
117	245600	1835759
118	247553	1832731
119	249647	1830745
120	251693	1828416
121	253515	1824481
122	255478	1821580
123	257456	1818804
124	259407	1815851
125	261460	1813624
126	263440	1810893
127	265398	1808024
128	267406	1805512
129	269539	1803843
130	271589	1801614
131	273533	1798691
132	275662	1796990
133	277665	1794465
134	279541	1791138
135	281596	1788965
136	283579	1786341
137	285421	1782852
138	287324	1779759
139	289344	1777400
140	291347	1774947
141	293380	1772677
142	295503	1770954
143	297559	1768826
144	299545	1766286
145	301497	1763555
146	303559	1761473
147	305589	1759204
148	307482	1756160
149	309362	1753051
150	311168	1749552
151	313189	1747267
152	315247	1745196
153	317358	1743411
154	319472	1741640
155	321355	1738617
156	323231	1735566
157	325104	1732516
158	326948	1729330
159	328946	1726967
160	330918	1724474
161	332923	1722159
162	334855	1719473
163	336930	1717524
164	339025	1715674
165	341042	1713432
166	343068	1711234
167	345091	1709023
168	347031	1706410
169	348978	1703834
170	351015	1701708
171	353071	1699668
172	355147	1697727
173	357053	1694976
174	359108	1692942
175	361241	1691268
176	363263	1689072
177	365341	1687136
178	367256	1684457
179	369137	1681626
180	371071	1679049
181	373154	1677144
182	375099	1674624
183	377214	1672864
184	379336	1671132
185	381406	1669167
186	383501	1667308
187	385673	1665781
188	387750	1663839
189	389829	1661904
190	391944	1660120
191	393828	1657360
192	395739	1654724
193	397677	1652208
194	399578	1649541
195	401647	1647572
196	403671	1645422
197	405608	1642917
198	407728	1641158
199	409797	1639189
200	411755	1636780
201	413627	1634035
202	415670	1631968
203	417690	1629813
204	419673	1627513
205	421644	1625172
206	423569	1622660
207	425426	1619891
208	427335	1617333
209	429438	1615506
210	431630	1614013
211	433622	1611766
212	435714	1609893
213	437599	1607258
214	439665	1605290
215	441557	1602688
216	443511	1600321
217	445413	1597767
218	447385	1595471
219	449353	1593163
220	451328	1590882
221	453365	1588821
222	455399	1586749
223	457334	1584335
224	459290	1582000
225	461236	1579631
226	463284	1577616
227	465285	1575440
228	467331	1573416
229	469522	1571880
230	471615	1570010
231	473597	1567771
232	475588	1565563
233	477581	1563364
234	479567	1561145
235	481603	1559088
236	483623	1556982
237	485544	1554559
238	487647	1552718
239	489742	1550852
240	491732	1548652
241	493714	1546426
242	495709	1544247
243	497721	1542121
244	499763	1540086
245	501717	1537784
246	503851	1536031
247	505958	1534195
248	507951	1532015
249	509895	1529686
250	511992	1527818
251	514158	1526153
252	516131	1523914
253	518332	1522347
254	520452	1520536
255	522462	1518408
256	524549	1516498
257	526622	1514550
258	528694	1512596
259	530837	1510845
260	533036	1509249
261	535324	1507899
262	537638	1506614
263	539827	1504972
264	541964	1503184
265	544062	1501284
266	546130	1499302
267	548303	1497606
268	550396	1495686
269	552580	1494012
270	554691	1492140
271	556884	1490485
272	558811	1488115
273	560896	1486172
274	562843	1483861
275	564843	1481690
276	566897	1479662
277	569319	1478592
278	571360	1476526
279	573393	1474440
280	575450	1472416
281	577365	1470029
282	579477	1468146
283	581432	1465866
284	583368	1463538
285	585332	1461284
286	587281	1458995
287	589105	1456399
288	591005	1453996
289	592953	1451714
290	594848	1449304
291	596739	1446887
292	598604	1444415
293	600447	1441889
294	602383	1439595
295	604290	1437232
296	606168	1434802
297	608078	1432452
298	609971	1430066
299	611861	1427675
300	613744	1425274
301	615659	1422948
302	617574	1420624
303	619467	1418253
304	621380	1415933
305	623335	1413708
306	625463	1411877
307	627503	1409846
308	629487	1407689
309	631471	1405534
310	633459	1403387
311	635503	1401367
312	637614	1399492
313	639483	1397088
314	641365	1394715
315	643400	1392677
316	645366	1390489
317	647261	1388151
318	649144	1385791
319	651069	1383523
320	652887	1381030
321	654811	1378763
322	656759	1376551
323	658741	1374412
324	660793	1372416
325	662889	1370513
326	664923	1368481
327	666922	1366377
328	668885	1364200
329	670813	1361954
330	672772	1359772
331	674729	1357588
332	676715	1355463
333	678677	1353291
334	680657	1351155
335	682710	1349166
336	684820	1347288
337	686782	1345118
338	688715	1342894
339	690734	1340837
340	692827	1338925
341	694962	1337092
342	697010	1335089
343	699099	1333167
344	701213	1331289
345	703273	1329309
346	705313	1327290
347	707226	1325034
348	709152	1322802
349	711152	1320710
350	713243	1318789
351	715262	1316732
352	717327	1314762
353	719210	1312456
354	721183	1310318
355	723104	1308087
356	725130	1306047
357	727107	1303918
358	729107	1301832
359	731109	1299750
360	733083	1297619
361	735077	1295523
362	737169	1293599
363	739218	1291601
364	741263	1289595
365	743253	1287493
366	745284	1285463
367	747354	1283499
368	749365	1281435
369	751423	1279451
370	753502	1277501
371	755409	1275262
372	757399	1273161
373	759396	1271074
374	761415	1269026
375	763368	1266866
376	765332	1264726
377	767391	1262744
378	769328	1260561
379	771314	1258459
380	773337	1256420
381	775170	1254072
382	777280	1252172
383	779313	1250149
384	781227	1247934
385	783191	1245801
386	785261	1243838
387	787303	1241829
388	789233	1239644
389	791285	1237652
390	793302	1235604
391	795354	1233610
392	797375	1231570
393	799401	1229536
394	801486	1227592
395	803561	1225634
396	805626	1223658
397	807690	1221682
398	809821	1219806
399	811967	1217951
400	814080	1216044
401	816143	1214064
402	818319	1212250
403	820346	1210214
404	822481	1208336
405	824551	1206363
406	826542	1204275
407	828481	1202111
408	830433	1199965
409	832532	1198034
410	834518	1195940
411	836596	1193977
412	838622	1191940
413	840575	1189800
414	842489	1187606
415	844564	1185638
416	846622	1183647
417	848554	1181479
418	850569	1179428
419	852595	1177393
420	854785	1175583
421	856909	1173681
422	858950	1171665
423	860984	1169639
424	863025	1167623
425	865045	1165577
426	867009	1163457
427	869162	1161590
428	871305	1159710
429	873368	1157721
430	875488	1155807
431	877601	1153882
432	879519	1151703
433	881597	1149733
434	883680	1147769
435	885808	1145861
436	887759	1143726
437	889804	1141713
438	891977	1139862
439	894054	1137886
440	896166	1135956
441	898269	1134014
442	900370	1132068
443	902411	1130047
444	904578	1128181
445	906586	1126119
446	908642	1124114
447	910692	1122103
448	912770	1120126
449	915005	1118340
450	917094	1116374
451	919197	1114425
452	921335	1112517
453	923489	1110628
454	925472	1108533
455	927453	1106435
456	929432	1104336
457	931521	1102368
458	933573	1100355
459	935688	1098416
460	937712	1096371
461	939695	1094276
462	941826	1092356
463	943822	1090277
464	945938	1088337
465	948017	1086354
466	950175	1084461
467	952095	1082296
468	954319	1080477
469	956454	1078554
470	958509	1076542
471	960578	1074545
472	962614	1072510
473	964614	1070437
474	966533	1068274
475	968594	1066268
476	970538	1064133
477	972438	1061951
478	974549	1060000
479	976609	1057993
480	978725	1056046
481	980763	1054015
482	982899	1052088
483	985016	1050141
484	987056	1048111
485	989036	1046018
486	991110	1044023
487	993106	1041947
488	995303	1040082
489	997441	1038152
490	999543	1036186
491	1001686	1034262
492	1003760	1032264
493	1005865	1030299
494	1007934	1028297
495	1010051	1026342
496	1012198	1024418
497	1014228	1022374
498	1016349	1020423
499	1018434	1018434
500	1020518	1016444
501	1022627	1014479
502	1024668	1012446
503	1026721	1010424
504	1028868	1008494
505	1031013	1006563
506	1033135	1004607
507	1035181	1002576
508	1037316	1000633
509	1039368	998608
510	1041414	996578
511	1043448	994536
512	1045544	992554
513	1047545	990480
514	1049444	988311
515	1051506	986297
516	1053626	984335
517	1055557	982197
518	1057478	980052
519	1059479	977980
520	1061371	975809
521	1063382	973748
522	1065481	971768
523	1067445	969664
524	1069466	967612
525	1071505	965577
526	1073560	963556
527	1075542	961469
528	1077516	959376
529	1079609	957389
530	1081676	955379
531	1083755	953378
532	1085764	951317
533	1087827	949302
534	1089858	947260
535	1091918	945243
536	1093954	943204
537	1096049	941217
538	1098065	939161
539	1100123	937141
540	1102230	935163
541	1104313	933165
542	1106225	931021
543	1108202	928934
544	1110144	926818
545	1112057	924677
546	1114140	922679
547	1116144	920615
548	1118134	918540
549	1120191	916520
550	1122147	914418
551	1124152	912355
552	1126157	910293
553	1128057	908147
554	1130022	906053
555	1131964	903942
556	1133999	901906
557	1136019	899857
558	1138047	897815
559	1139949	895674
560	1142034	893677
561	1144041	891619
562	1146090	889594
563	1148161	887585
564	1150206	885556
565	1152383	883629
566	1154323	881520
567	1156365	879489
568	1158407	877458
569	1160498	875463
570	1162548	873438
571	1164508	871345
572	1166651	869389
573	1168750	867400
574	1170762	865346
575	1172909	863391
576	1174804	861251
577	1176781	859172
578	1178819	857138
579	1180901	855135
580	1182886	853062
581	1184907	851015
582	1186934	848973
583	1188971	846938
584	1191040	844926
585	1193003	842838
586	1195100	840846
587	1197108	838789
588	1199253	836830
589	1201176	834715
590	1203151	832637
591	1205124	830558
592	1207164	828526
593	1209224	826507
594	1211304	824501
595	1213314	822448
596	1215252	820346
597	1217282	818306
598	1219279	816245
599	1221194	814129
600	1223349	812173
601	1225446	810178
602	1227622	808235
603	1229591	806156
604	1231665	804145
605	1233664	802085
606	1235711	800056
607	1237879	798106
608	1239838	796021
609	1241905	794004
610	1243914	791951
611	1245927	789901
612	1247977	787874
613	1250075	785877
614	1252166	783876
615	1254316	781911
616	1256408	779910
617	1258479	777895
618	1260323	775740
619	1262419	773740
620	1264404	771673
621	1266410	769619
622	1268399	767554
623	1270493	765553
624	1272520	763512
625	1274585	761493
626	1276698	759503
627	1278688	757439
628	1280645	755356
629	1282744	753357
630	1284788	751326
631	1286785	749267
632	1288867	747257
633	1291036	745298
634	1293120	743289
635	1295065	741201
636	1297223	739234
637	1299365	737257
638	1301429	735236
639	1303397	733161
640	1305425	731119
641	1307524	729118
642	1309581	727092
643	1311602	725047
644	1313723	723057
645	1315763	721022
646	1317830	719001
647	1319789	716922
648	1321794	714869
649	1323732	712779
650	1325813	710766
651	1327883	708747
652	1329935	706718
653	1331929	704660
654	1333959	702619
655	1336071	700622
656	1338201	698634
657	1340345	696653
658	1342524	694690
659	1344566	692655
660	1346544	690587
661	1348628	688574
662	1350690	686550
663	1352831	684565
664	1354911	682549
665	1356825	680449
666	1358825	678394
667	1360750	676301
668	1362758	674249
669	1364928	672278
670	1367018	670266
671	1368996	668200
672	1371049	666171
673	1373159	664168
674	1375190	662128
675	1377367	660158
676	1379384	658111
677	1381498	656109
678	1383479	654045
679	1385567	652031
680	1387654	650017
681	1389629	647950
682	1391673	645915
683	1393712	643879
684	1395810	641869
685	1397857	639835
686	1399940	637818
687	1401951	635768
688	1403965	633720
689	1406060	631708
690	1408235	629732
691	1410339	627723
692	1412302	625651
693	1414546	623704
694	1416632	621687
695	1418849	619727
696	1420919	617702
697	1423165	615753
698	1425294	613753
699	1427316	611707
700	1429464	609714
701	1431486	607667
702	1433465	605603
703	1435524	603572
704	1437594	601546
705	1439691	599531
706	1441779	597512
707	1443910	595511
708	1445977	593482
709	1448041	591453
710	1450115	589428
711	1452076	587356
712	1454014	585276
713	1455988	583210
714	1458052	581181
715	1460008	579109
716	1461921	577020
717	1463971	574986
718	1465996	572941
719	1468008	570892
720	1470108	568877
721	1472258	566880
722	1474320	564850
723	1476432	562838
724	1478472	560799
725	1480522	558764
726	1482557	556723
727	1484540	554663
728	1486562	552617
729	1488616	550584
730	1490695	548559
731	1492642	546486
732	1494897	544526
733	1496951	542491
734	1498986	540451
735	1501113	538442
736	1503172	536410
737	1505225	534375
738	1507202	532313
739	1509273	530285
740	1511344	528256
741	1513520	526264
742	1515705	524275
743	1517985	522317
744	1520139	520316
745	1522355	518335
746	1524572	516354
747	1526608	514311
748	1528647	512270
749	1530743	510247
750	1532913	508249
751	1535090	506253
752	1537055	504186
753	1539248	502195
754	1541382	500183
755	1543439	498147
756	1545594	496142
757	1547740	494133
758	1549810	492100
759	1551832	490052
760	1553878	488011
761	1555894	485961
762	1557956	483926
763	1560010	481888
764	1562108	479863
765	1564060	477793
766	1566140	475763
767	1568167	473717
768	1570227	471680
769	1572159	469606
770	1574328	467602
771	1576493	465596
772	1578538	463555
773	1580594	461517
774	1582755	459509
775	1584769	457459
776	1586845	455426
777	1588897	453387
778	1591014	451366
779	1593254	449379
780	1595457	447381
781	1597568	445357
782	1599670	443331
783	1601789	441309
784	1604006	439314
785	1606087	437280
786	1608242	435267
787	1610386	433251
788	1612486	431222
789	1614651	429211
790	1616724	427175
791	1618882	425161
792	1620942	423121
793	1623078	421101
794	1625159	419066
795	1627276	417040
796	1629280	414986
797	1631422	412966
798	1633499	410930
799	1635651	408912
800	1637754	406882
801	1639921	404868
802	1642070	402849
803	1644170	400817
804	1646252	398781
805	1648334	396745
806	1650437	394714
807	1652589	392694
808	1654691	390662
809	1656808	388634
810	1658866	386591
811	1660859	384534
812	1663014	382513
813	1665120	380482
814	1667203	378444
815	1669261	376402
816	1671312	374357
817	1673484	372340
818	1675605	370310
819	1677774	368292
820	1679878	366258
821	1682067	364243
822	1684154	362205
823	1686351	360191
824	1688416	358149
825	1690528	356116
826	1692634	354081
827	1694757	352051
828	1696868	350017
829	1698914	347970
830	1700949	345921
831	1702948	343864
832	1705042	341827
833	1707100	339782
834	1709127	337731
835	1711240	335697
836	1713229	333639
837	1715415	331619
838	1717599	329598
839	1719710	327563
840	1721931	325549
841	1724115	323527
842	1726206	321488
843	1728145	319420
844	1730156	317366
845	1732172	315312
846	1734217	313264
847	1736257	311215
848	1738191	309148
849	1740241	307101
850	1742251	305047
851	1744301	303000
852	1746208	300929
853	1748199	298872
854	1750269	296829
855	1752322	294783
856	1754343	292731
857	1756472	290698
858	1758575	288660
859	1760590	286607
860	1762609	284556
861	1764698	282515
862	1766708	280462
863	1768833	278427
864	1770831	276372
865	1772821	274316
866	1774884	272271
867	1776903	270220
868	1778851	268158
869	1780870	266107
870	1782972	264068
871	1785043	262024
872	1787057	259972
873	1789114	257927
874	1791133	255876
875	1793147	253824
876	1795142	251770
877	1797185	249722
878	1799218	247674
879	1801251	245625
880	1803275	243575
881	1805248	241518
882	1807147	239452
883	1809019	237382
884	1810999	235327
885	1812959	233270
886	1815177	231245
887	1817223	229199
888	1819249	227150
889	1821328	225108
890	1823249	223046
891	1825214	220990
892	1827225	218939
893	1829139	216877
894	1831090	214820
895	1833058	212765
896	1835134	210723
897	1837105	208668
898	1838995	206605
899	1840979	204553
900	1842904	202494
901	1844945	200448
902	1847113	198416
903	1849113	196366
904	1851281	194333
905	1853324	192287
906	1855370	190241
907	1857444	188199
908	1859521	186156
909	1861604	184114
910	1863634	182067
911	1865633	180017
912	1867729	177976
913	1869704	175924
914	1871741	173877
915	1873796	171832
916	1875886	169791
917	1877947	167746
918	1880019	165703
919	1882012	163653
920	1884165	161616
921	1886163	159566
922	1888087	157511
923	1890116	155464
924	1892028	153407
925	1894062	151361
926	1896117	149316
927	1898278	147280
928	1900352	145236
929	1902508	143199
930	1904681	141163
931	1906952	139133
932	1909043	137091
933	1911215	135053
934	1913249	133006
935	1915369	130965
936	1917482	128923
937	1919531	126877
938	1921634	124834
939	1923764	122793
940	1925967	120756
941	1928024	118710
942	1930111	116666
943	1932140	114618
944	1934268	112576
945	1936319	110529
946	1938370	108483
947	1940460	106438
948	1942566	104395
949	1944711	102353
950	1946802	100308
951	1948920	98264
952	1950902	96214
953	1952874	94163
954	1954786	92110
955	1956838	90063
956	1958900	88017
957	1960922	85969
958	1962856	83917
959	1964938	81872
960	1966904	79822
961	1968895	77773
962	1971032	75730
963	1973135	73685
964	1975242	71640
965	1977242	69592
966	1979254	67544
967	1981303	65497
968	1983317	63449
969	1985351	61402
970	1987471	59358
971	1989515	57311
972	1991684	55267
973	1993833	53223
974	1996021	51180
975	1998196	49135
976	2000439	47093
977	2002659	45049
978	2004783	43003
979	2006866	40956
980	2008926	38908
981	2011091	36863
982	2013246	34817
983	2015299	32769
984	2017345	30721
985	2019433	28673
986	2021511	26625
987	2023587	24577
988	2025626	22529
989	2027690	20481
990	2029762	18433
991	2031816	16385
992	2033905	14337
993	2036021	12289
994	2038144	10241
995	2040251	8193
996	2042264	6145
997	2044252	4096
998	2046287	2048
999	2048277	0
